,root1_en,root1_id,root2_en,root2_id,root3_en,root3_id,nested_name
0,Seoul,2297418,Gangnam-gu,2410520,Segok-dong,3880739,"Segok-dong , Gangnam-gu , Seoul , Korea"
1,Seoul,2297418,Gangnam-gu,2410520,Irwon 1(il)-dong,3880732,"Irwon 1(il)-dong , Gangnam-gu , Seoul , Korea"
2,Seoul,2297418,Gangnam-gu,2410520,Irwon 1(i)-dong,8884978,"Irwon 1(i)-dong , Gangnam-gu , Seoul , Korea"
3,Seoul,2297418,Gangnam-gu,2410520,Irwon bon-dong,3880734,"Irwon bon-dong , Gangnam-gu , Seoul , Korea"
4,Seoul,2297418,Gangnam-gu,2410520,Gaepo 1(il)-dong,3880712,"Gaepo 1(il)-dong , Gangnam-gu , Seoul , Korea"
5,Seoul,2297418,Gangnam-gu,2410520,Gaepo 2(i)-dong,8884979,"Gaepo 2(i)-dong , Gangnam-gu , Seoul , Korea"
6,Seoul,2297418,Gangnam-gu,2410520,Gaepo 4(sa)-dong,3880714,"Gaepo 4(sa)-dong , Gangnam-gu , Seoul , Korea"
7,Seoul,2297418,Gangnam-gu,2410520,Cheongdam-dong,3880711,"Cheongdam-dong , Gangnam-gu , Seoul , Korea"
8,Seoul,2297418,Gangnam-gu,2410520,Yeoksam-dong,3880742,"Yeoksam-dong , Gangnam-gu , Seoul , Korea"
9,Seoul,2297418,Gangnam-gu,2410520,Suseo-dong,3880740,"Suseo-dong , Gangnam-gu , Seoul , Korea"
10,Seoul,2297418,Gangnam-gu,2410520,Samseong-dong,3880726,"Samseong-dong , Gangnam-gu , Seoul , Korea"
11,Seoul,2297418,Gangnam-gu,2410520,Dogok-dong,3880709,"Dogok-dong , Gangnam-gu , Seoul , Korea"
12,Seoul,2297418,Gangnam-gu,2410520,Daechi-dong,3880708,"Daechi-dong , Gangnam-gu , Seoul , Korea"
13,Seoul,2297418,Gangnam-gu,2410520,Nonhyeon-dong,3880725,"Nonhyeon-dong , Gangnam-gu , Seoul , Korea"
14,Seoul,2297418,Gangnam-gu,2410520,Sinsa-dong,5598056,"Sinsa-dong , Gangnam-gu , Seoul , Korea"
15,Seoul,2297418,Gangnam-gu,2410520,Apgujeong-dong,5598057,"Apgujeong-dong , Gangnam-gu , Seoul , Korea"
16,Seoul,2297418,Seocho-gu,2414779,Yangjae-dong,3880699,"Yangjae-dong , Seocho-gu , Seoul , Korea"
17,Seoul,2297418,Seocho-gu,2414779,Bangbae-dong,3880696,"Bangbae-dong , Seocho-gu , Seoul , Korea"
18,Seoul,2297418,Seocho-gu,2414779,Seocho-dong,3880697,"Seocho-dong , Seocho-gu , Seoul , Korea"
19,Seoul,2297418,Seocho-gu,2414779,Banpo-dong,3880689,"Banpo-dong , Seocho-gu , Seoul , Korea"
20,Seoul,2297418,Seocho-gu,2414779,Jamwon-dong,3880677,"Jamwon-dong , Seocho-gu , Seoul , Korea"
21,Seoul,2297418,Seocho-gu,2414779,Naegok-dong,3880646,"Naegok-dong , Seocho-gu , Seoul , Korea"
22,Seoul,2297418,Dongjak-gu,2414774,Sadang 1(il)-dong,3879507,"Sadang 1(il)-dong , Dongjak-gu , Seoul , Korea"
23,Seoul,2297418,Dongjak-gu,2414774,Sadang 2(i)-dong,3879508,"Sadang 2(i)-dong , Dongjak-gu , Seoul , Korea"
24,Seoul,2297418,Dongjak-gu,2414774,Sadang 3(sam)-dong,3879509,"Sadang 3(sam)-dong , Dongjak-gu , Seoul , Korea"
25,Seoul,2297418,Dongjak-gu,2414774,Sadang 4(sa)-dong,3879510,"Sadang 4(sa)-dong , Dongjak-gu , Seoul , Korea"
26,Seoul,2297418,Dongjak-gu,2414774,Sadang 5(o)-dong,3879511,"Sadang 5(o)-dong , Dongjak-gu , Seoul , Korea"
27,Seoul,2297418,Dongjak-gu,2414774,Heukseok-dong,3879512,"Heukseok-dong , Dongjak-gu , Seoul , Korea"
28,Seoul,2297418,Dongjak-gu,2414774,Sangdo 1(il)-dong,3879531,"Sangdo 1(il)-dong , Dongjak-gu , Seoul , Korea"
29,Seoul,2297418,Dongjak-gu,2414774,Sangdo 2(i)-dong,3879532,"Sangdo 2(i)-dong , Dongjak-gu , Seoul , Korea"
30,Seoul,2297418,Dongjak-gu,2414774,Sangdo 3(sam)-dong,3879533,"Sangdo 3(sam)-dong , Dongjak-gu , Seoul , Korea"
31,Seoul,2297418,Dongjak-gu,2414774,Sangdo 4(sa)-dong,3879534,"Sangdo 4(sa)-dong , Dongjak-gu , Seoul , Korea"
32,Seoul,2297418,Dongjak-gu,2414774,Sindaebang 1(il)-dong,3879537,"Sindaebang 1(il)-dong , Dongjak-gu , Seoul , Korea"
33,Seoul,2297418,Dongjak-gu,2414774,Sindaebang 2(i)-dong,3879538,"Sindaebang 2(i)-dong , Dongjak-gu , Seoul , Korea"
34,Seoul,2297418,Dongjak-gu,2414774,Noryangjin 2(i)-dong,3879477,"Noryangjin 2(i)-dong , Dongjak-gu , Seoul , Korea"
35,Seoul,2297418,Dongjak-gu,2414774,Noryangjin 1(il)-dong,3879474,"Noryangjin 1(il)-dong , Dongjak-gu , Seoul , Korea"
36,Seoul,2297418,Dongjak-gu,2414774,Daebang-dong,3879506,"Daebang-dong , Dongjak-gu , Seoul , Korea"
37,Seoul,2297418,Geumcheon-gu,2414776,Siheung 1(il)-dong,3879578,"Siheung 1(il)-dong , Geumcheon-gu , Seoul , Korea"
38,Seoul,2297418,Geumcheon-gu,2414776,Siheung 2(i)-dong,3879579,"Siheung 2(i)-dong , Geumcheon-gu , Seoul , Korea"
39,Seoul,2297418,Geumcheon-gu,2414776,Siheung 3(sam)-dong,3879580,"Siheung 3(sam)-dong , Geumcheon-gu , Seoul , Korea"
40,Seoul,2297418,Geumcheon-gu,2414776,Siheung 4(sa)-dong,3879581,"Siheung 4(sa)-dong , Geumcheon-gu , Seoul , Korea"
41,Seoul,2297418,Geumcheon-gu,2414776,Siheung 5(o)-dong,3879582,"Siheung 5(o)-dong , Geumcheon-gu , Seoul , Korea"
42,Seoul,2297418,Geumcheon-gu,2414776,Doksan 1(il)-dong,3879574,"Doksan 1(il)-dong , Geumcheon-gu , Seoul , Korea"
43,Seoul,2297418,Geumcheon-gu,2414776,Doksan 2(i)-dong,3879575,"Doksan 2(i)-dong , Geumcheon-gu , Seoul , Korea"
44,Seoul,2297418,Geumcheon-gu,2414776,Doksan 3(sam)-dong,3879576,"Doksan 3(sam)-dong , Geumcheon-gu , Seoul , Korea"
45,Seoul,2297418,Geumcheon-gu,2414776,Doksan 4(sa)-dong,3879577,"Doksan 4(sa)-dong , Geumcheon-gu , Seoul , Korea"
46,Seoul,2297418,Geumcheon-gu,2414776,Gasan-dong,3879573,"Gasan-dong , Geumcheon-gu , Seoul , Korea"
47,Seoul,2297418,Gwanak-gu,2414778,Nakseongdae-dong,3878896,"Nakseongdae-dong , Gwanak-gu , Seoul , Korea"
48,Seoul,2297418,Gwanak-gu,2414778,Nangok-dong,3878789,"Nangok-dong , Gwanak-gu , Seoul , Korea"
49,Seoul,2297418,Gwanak-gu,2414778,Nanhyang-dong,3878843,"Nanhyang-dong , Gwanak-gu , Seoul , Korea"
50,Seoul,2297418,Gwanak-gu,2414778,Daehak-dong,3878844,"Daehak-dong , Gwanak-gu , Seoul , Korea"
51,Seoul,2297418,Gwanak-gu,2414778,Miseong-dong,3878790,"Miseong-dong , Gwanak-gu , Seoul , Korea"
52,Seoul,2297418,Gwanak-gu,2414778,Boramae-dong,3878901,"Boramae-dong , Gwanak-gu , Seoul , Korea"
53,Seoul,2297418,Gwanak-gu,2414778,Samseong-dong,3878845,"Samseong-dong , Gwanak-gu , Seoul , Korea"
54,Seoul,2297418,Gwanak-gu,2414778,Seorim-dong,3878846,"Seorim-dong , Gwanak-gu , Seoul , Korea"
55,Seoul,2297418,Gwanak-gu,2414778,Seowon-dong,2424062,"Seowon-dong , Gwanak-gu , Seoul , Korea"
56,Seoul,2297418,Gwanak-gu,2414778,Seonghyeon-dong,3878883,"Seonghyeon-dong , Gwanak-gu , Seoul , Korea"
57,Seoul,2297418,Gwanak-gu,2414778,Sillim-dong,3878791,"Sillim-dong , Gwanak-gu , Seoul , Korea"
58,Seoul,2297418,Gwanak-gu,2414778,Sinsa-dong,3775530,"Sinsa-dong , Gwanak-gu , Seoul , Korea"
59,Seoul,2297418,Gwanak-gu,2414778,Sinwon-dong,3878792,"Sinwon-dong , Gwanak-gu , Seoul , Korea"
60,Seoul,2297418,Gwanak-gu,2414778,Euncheon-dong,2424060,"Euncheon-dong , Gwanak-gu , Seoul , Korea"
61,Seoul,2297418,Gwanak-gu,2414778,Inheon-dong,3878898,"Inheon-dong , Gwanak-gu , Seoul , Korea"
62,Seoul,2297418,Gwanak-gu,2414778,Jowon-dong,3775531,"Jowon-dong , Gwanak-gu , Seoul , Korea"
63,Seoul,2297418,Gwanak-gu,2414778,Jungang-dong,3878890,"Jungang-dong , Gwanak-gu , Seoul , Korea"
64,Seoul,2297418,Gwanak-gu,2414778,Cheongnyong-dong,2424059,"Cheongnyong-dong , Gwanak-gu , Seoul , Korea"
65,Seoul,2297418,Gwanak-gu,2414778,Cheongmin-dong,3878891,"Cheongmin-dong , Gwanak-gu , Seoul , Korea"
66,Seoul,2297418,Gwanak-gu,2414778,Haengun-dong,3878892,"Haengun-dong , Gwanak-gu , Seoul , Korea"
67,Seoul,2297418,Gwanak-gu,2414778,Namhyeon-dong,3878897,"Namhyeon-dong , Gwanak-gu , Seoul , Korea"
68,Seoul,2297418,Yeongdeungpo-gu,2414781,Daerim 1(il)-dong,3879659,"Daerim 1(il)-dong , Yeongdeungpo-gu , Seoul , Korea"
69,Seoul,2297418,Yeongdeungpo-gu,2414781,Daerim 2(i)-dong,3879660,"Daerim 2(i)-dong , Yeongdeungpo-gu , Seoul , Korea"
70,Seoul,2297418,Yeongdeungpo-gu,2414781,Daerim 3(sam)-dong,3879661,"Daerim 3(sam)-dong , Yeongdeungpo-gu , Seoul , Korea"
71,Seoul,2297418,Yeongdeungpo-gu,2414781,Singil 1(il)-dong,3879664,"Singil 1(il)-dong , Yeongdeungpo-gu , Seoul , Korea"
72,Seoul,2297418,Yeongdeungpo-gu,2414781,Singil 3(sam)-dong,3879665,"Singil 3(sam)-dong , Yeongdeungpo-gu , Seoul , Korea"
73,Seoul,2297418,Yeongdeungpo-gu,2414781,Singil 4(sa)-dong,3879666,"Singil 4(sa)-dong , Yeongdeungpo-gu , Seoul , Korea"
74,Seoul,2297418,Yeongdeungpo-gu,2414781,Singil 5(o)-dong,3879667,"Singil 5(o)-dong , Yeongdeungpo-gu , Seoul , Korea"
75,Seoul,2297418,Yeongdeungpo-gu,2414781,Singil 6(yuk)-dong,3879668,"Singil 6(yuk)-dong , Yeongdeungpo-gu , Seoul , Korea"
76,Seoul,2297418,Yeongdeungpo-gu,2414781,Singil 7(chil)-dong,3879669,"Singil 7(chil)-dong , Yeongdeungpo-gu , Seoul , Korea"
77,Seoul,2297418,Yeongdeungpo-gu,2414781,Dorim-dong,3879662,"Dorim-dong , Yeongdeungpo-gu , Seoul , Korea"
78,Seoul,2297418,Yeongdeungpo-gu,2414781,Yeongdeungpobon-dong,3882299,"Yeongdeungpobon-dong , Yeongdeungpo-gu , Seoul , Korea"
79,Seoul,2297418,Yeongdeungpo-gu,2414781,Mullae-dong,3879663,"Mullae-dong , Yeongdeungpo-gu , Seoul , Korea"
80,Seoul,2297418,Yeongdeungpo-gu,2414781,Yeongdeungpo-dong,3879673,"Yeongdeungpo-dong , Yeongdeungpo-gu , Seoul , Korea"
81,Seoul,2297418,Yeongdeungpo-gu,2414781,Yeoui-dong,3879672,"Yeoui-dong , Yeongdeungpo-gu , Seoul , Korea"
82,Seoul,2297418,Yeongdeungpo-gu,2414781,Yangpyeong 1(il)-dong,3879670,"Yangpyeong 1(il)-dong , Yeongdeungpo-gu , Seoul , Korea"
83,Seoul,2297418,Yeongdeungpo-gu,2414781,Yangpyeong 2(i)-dong,3879671,"Yangpyeong 2(i)-dong , Yeongdeungpo-gu , Seoul , Korea"
84,Seoul,2297418,Yeongdeungpo-gu,2414781,Dangsan 1(il)-dong,3879657,"Dangsan 1(il)-dong , Yeongdeungpo-gu , Seoul , Korea"
85,Seoul,2297418,Yeongdeungpo-gu,2414781,Dangsan 2(i)-dong,3879658,"Dangsan 2(i)-dong , Yeongdeungpo-gu , Seoul , Korea"
86,Seoul,2297418,Guro-gu,2414777,Sugung-dong,3880479,"Sugung-dong , Guro-gu , Seoul , Korea"
87,Seoul,2297418,Guro-gu,2414777,Oryu 1(il)-dong,3880476,"Oryu 1(il)-dong , Guro-gu , Seoul , Korea"
88,Seoul,2297418,Guro-gu,2414777,Oryu 2(i)-dong,3880477,"Oryu 2(i)-dong , Guro-gu , Seoul , Korea"
89,Seoul,2297418,Guro-gu,2414777,Gaebong 1(il)-dong,3880464,"Gaebong 1(il)-dong , Guro-gu , Seoul , Korea"
90,Seoul,2297418,Guro-gu,2414777,Gaebong 2(i)-dong,3880465,"Gaebong 2(i)-dong , Guro-gu , Seoul , Korea"
91,Seoul,2297418,Guro-gu,2414777,Gaebong 3(sam)-dong,3880466,"Gaebong 3(sam)-dong , Guro-gu , Seoul , Korea"
92,Seoul,2297418,Guro-gu,2414777,Gocheok 1(il)-dong,3880468,"Gocheok 1(il)-dong , Guro-gu , Seoul , Korea"
93,Seoul,2297418,Guro-gu,2414777,Gocheok 2(i)-dong,3880469,"Gocheok 2(i)-dong , Guro-gu , Seoul , Korea"
94,Seoul,2297418,Guro-gu,2414777,Sindorim-dong,3880480,"Sindorim-dong , Guro-gu , Seoul , Korea"
95,Seoul,2297418,Guro-gu,2414777,Guro 1(il)-dong,3880470,"Guro 1(il)-dong , Guro-gu , Seoul , Korea"
96,Seoul,2297418,Guro-gu,2414777,Guro 2(i)-dong,3880471,"Guro 2(i)-dong , Guro-gu , Seoul , Korea"
97,Seoul,2297418,Guro-gu,2414777,Guro 3(sam)-dong,3880473,"Guro 3(sam)-dong , Guro-gu , Seoul , Korea"
98,Seoul,2297418,Guro-gu,2414777,Guro 4(sa)-dong,3880474,"Guro 4(sa)-dong , Guro-gu , Seoul , Korea"
99,Seoul,2297418,Guro-gu,2414777,Guro 5(o)-dong,3880475,"Guro 5(o)-dong , Guro-gu , Seoul , Korea"
100,Seoul,2297418,Guro-gu,2414777,Garibong dong,3880463,"Garibong dong , Guro-gu , Seoul , Korea"
101,Seoul,2297418,Yangcheon-gu,2414780,Sinwol 7(chil)-dong,3880500,"Sinwol 7(chil)-dong , Yangcheon-gu , Seoul , Korea"
102,Seoul,2297418,Yangcheon-gu,2414780,Sinwol 6(yuk)-dong,3880499,"Sinwol 6(yuk)-dong , Yangcheon-gu , Seoul , Korea"
103,Seoul,2297418,Yangcheon-gu,2414780,Sinwol 5(o)-dong,3880498,"Sinwol 5(o)-dong , Yangcheon-gu , Seoul , Korea"
104,Seoul,2297418,Yangcheon-gu,2414780,Sinwol 4(sa)-dong,3880497,"Sinwol 4(sa)-dong , Yangcheon-gu , Seoul , Korea"
105,Seoul,2297418,Yangcheon-gu,2414780,Sinwol 3(sam)-dong,3880496,"Sinwol 3(sam)-dong , Yangcheon-gu , Seoul , Korea"
106,Seoul,2297418,Yangcheon-gu,2414780,Sinwol 2(i)-dong,3880508,"Sinwol 2(i)-dong , Yangcheon-gu , Seoul , Korea"
107,Seoul,2297418,Yangcheon-gu,2414780,Sinwol 1(il)-dong,3880494,"Sinwol 1(il)-dong , Yangcheon-gu , Seoul , Korea"
108,Seoul,2297418,Yangcheon-gu,2414780,Mok 1(il)-dong,3880488,"Mok 1(il)-dong , Yangcheon-gu , Seoul , Korea"
109,Seoul,2297418,Yangcheon-gu,2414780,Mok 2(i)-dong,3880489,"Mok 2(i)-dong , Yangcheon-gu , Seoul , Korea"
110,Seoul,2297418,Yangcheon-gu,2414780,Mok 3(sam)-dong,3880490,"Mok 3(sam)-dong , Yangcheon-gu , Seoul , Korea"
111,Seoul,2297418,Yangcheon-gu,2414780,Mok 4(sa)-dong,3880491,"Mok 4(sa)-dong , Yangcheon-gu , Seoul , Korea"
112,Seoul,2297418,Yangcheon-gu,2414780,Mok 5(o)-dong,3880492,"Mok 5(o)-dong , Yangcheon-gu , Seoul , Korea"
113,Seoul,2297418,Yangcheon-gu,2414780,Sinwol 7(chil)-dong,3880507,"Sinwol 7(chil)-dong , Yangcheon-gu , Seoul , Korea"
114,Seoul,2297418,Yangcheon-gu,2414780,Sinwol 6(yuk)-dong,3880506,"Sinwol 6(yuk)-dong , Yangcheon-gu , Seoul , Korea"
115,Seoul,2297418,Yangcheon-gu,2414780,Sinjeong 3(sam)-dong,3880504,"Sinjeong 3(sam)-dong , Yangcheon-gu , Seoul , Korea"
116,Seoul,2297418,Yangcheon-gu,2414780,Sinjeong 4(sa)-dong,3880505,"Sinjeong 4(sa)-dong , Yangcheon-gu , Seoul , Korea"
117,Seoul,2297418,Yangcheon-gu,2414780,Sinjeong 2(i)-dong,3880503,"Sinjeong 2(i)-dong , Yangcheon-gu , Seoul , Korea"
118,Seoul,2297418,Yangcheon-gu,2414780,Sinjeong 1(il)-dong,3880502,"Sinjeong 1(il)-dong , Yangcheon-gu , Seoul , Korea"
119,Seoul,2297418,Gangseo-gu,2414775,Hwagokbon-dong,3880557,"Hwagokbon-dong , Gangseo-gu , Seoul , Korea"
120,Seoul,2297418,Gangseo-gu,2414775,Hwagok 8(pal)-dong,3880556,"Hwagok 8(pal)-dong , Gangseo-gu , Seoul , Korea"
121,Seoul,2297418,Gangseo-gu,2414775,Hwagok 6(yuk)-dong,3880555,"Hwagok 6(yuk)-dong , Gangseo-gu , Seoul , Korea"
122,Seoul,2297418,Gangseo-gu,2414775,Hwagok 4(sa)-dong,3880554,"Hwagok 4(sa)-dong , Gangseo-gu , Seoul , Korea"
123,Seoul,2297418,Gangseo-gu,2414775,Hwagok 3(sam)-dong,3880553,"Hwagok 3(sam)-dong , Gangseo-gu , Seoul , Korea"
124,Seoul,2297418,Gangseo-gu,2414775,Hwagok 2(i)-dong,3880552,"Hwagok 2(i)-dong , Gangseo-gu , Seoul , Korea"
125,Seoul,2297418,Gangseo-gu,2414775,Hwagok 1(il)-dong,3880551,"Hwagok 1(il)-dong , Gangseo-gu , Seoul , Korea"
126,Seoul,2297418,Gangseo-gu,2414775,Ujangsan-dong,3880550,"Ujangsan-dong , Gangseo-gu , Seoul , Korea"
127,Seoul,2297418,Gangseo-gu,2414775,Yeomchang-dong,3880538,"Yeomchang-dong , Gangseo-gu , Seoul , Korea"
128,Seoul,2297418,Gangseo-gu,2414775,Deungchon 3(sam)-dong,3880549,"Deungchon 3(sam)-dong , Gangseo-gu , Seoul , Korea"
129,Seoul,2297418,Gangseo-gu,2414775,Deungchon 2(i)-dong,3880542,"Deungchon 2(i)-dong , Gangseo-gu , Seoul , Korea"
130,Seoul,2297418,Gangseo-gu,2414775,Deungchon 1(il)-dong,3880541,"Deungchon 1(il)-dong , Gangseo-gu , Seoul , Korea"
131,Seoul,2297418,Gangseo-gu,2414775,Balsan 1(il)-dong,3880525,"Balsan 1(il)-dong , Gangseo-gu , Seoul , Korea"
132,Seoul,2297418,Gangseo-gu,2414775,Gayang 3(sam)-dong,3880537,"Gayang 3(sam)-dong , Gangseo-gu , Seoul , Korea"
133,Seoul,2297418,Gangseo-gu,2414775,Gayang 2(i)-dong,3880536,"Gayang 2(i)-dong , Gangseo-gu , Seoul , Korea"
134,Seoul,2297418,Gangseo-gu,2414775,Gayang 1(il)-dong,3880535,"Gayang 1(il)-dong , Gangseo-gu , Seoul , Korea"
135,Seoul,2297418,Gangseo-gu,2414775,Banghwa 2(i)-dong,3880528,"Banghwa 2(i)-dong , Gangseo-gu , Seoul , Korea"
136,Seoul,2297418,Gangseo-gu,2414775,Banghwa 3(sam)-dong,3880527,"Banghwa 3(sam)-dong , Gangseo-gu , Seoul , Korea"
137,Seoul,2297418,Gangseo-gu,2414775,Banghwa 1(il)-dong,3880526,"Banghwa 1(il)-dong , Gangseo-gu , Seoul , Korea"
138,Seoul,2297418,Gangseo-gu,2414775,Gonghang-dong,3880524,"Gonghang-dong , Gangseo-gu , Seoul , Korea"
139,Seoul,2297418,Mapo-gu,2419949,Gongdeok-dong,3884273,"Gongdeok-dong , Mapo-gu , Seoul , Korea"
140,Seoul,2297418,Mapo-gu,2419949,Daeheung-dong,3884274,"Daeheung-dong , Mapo-gu , Seoul , Korea"
141,Seoul,2297418,Mapo-gu,2419949,Dohwa-dong,3884275,"Dohwa-dong , Mapo-gu , Seoul , Korea"
142,Seoul,2297418,Mapo-gu,2419949,Mangwon 1(il)-dong,3884288,"Mangwon 1(il)-dong , Mapo-gu , Seoul , Korea"
143,Seoul,2297418,Mapo-gu,2419949,Mangwon 2(i)-dong,3884289,"Mangwon 2(i)-dong , Mapo-gu , Seoul , Korea"
144,Seoul,2297418,Mapo-gu,2419949,Sangam-dong,3884277,"Sangam-dong , Mapo-gu , Seoul , Korea"
145,Seoul,2297418,Mapo-gu,2419949,Seogang-dong,3884278,"Seogang-dong , Mapo-gu , Seoul , Korea"
146,Seoul,2297418,Mapo-gu,2419949,Seogyo-dong,3884279,"Seogyo-dong , Mapo-gu , Seoul , Korea"
147,Seoul,2297418,Mapo-gu,2419949,Seongsan 1(il)-dong,3884280,"Seongsan 1(il)-dong , Mapo-gu , Seoul , Korea"
148,Seoul,2297418,Mapo-gu,2419949,Seongsan 2(i)-dong,3884291,"Seongsan 2(i)-dong , Mapo-gu , Seoul , Korea"
149,Seoul,2297418,Mapo-gu,2419949,Sinsu-dong,3884281,"Sinsu-dong , Mapo-gu , Seoul , Korea"
150,Seoul,2297418,Mapo-gu,2419949,Ahyeon-dong,3884282,"Ahyeon-dong , Mapo-gu , Seoul , Korea"
151,Seoul,2297418,Mapo-gu,2419949,Yeonnam-dong,3884283,"Yeonnam-dong , Mapo-gu , Seoul , Korea"
152,Seoul,2297418,Mapo-gu,2419949,Yeomni-dong,3884285,"Yeomni-dong , Mapo-gu , Seoul , Korea"
153,Seoul,2297418,Mapo-gu,2419949,Yonggang-dong,3884286,"Yonggang-dong , Mapo-gu , Seoul , Korea"
154,Seoul,2297418,Mapo-gu,2419949,Hapjeong-dong,3884287,"Hapjeong-dong , Mapo-gu , Seoul , Korea"
155,Seoul,2297418,Seodaemun-gu,2419951,Chunghyeon-dong,3887534,"Chunghyeon-dong , Seodaemun-gu , Seoul , Korea"
156,Seoul,2297418,Seodaemun-gu,2419951,Cheonyeon-dong,8855694,"Cheonyeon-dong , Seodaemun-gu , Seoul , Korea"
157,Seoul,2297418,Seodaemun-gu,2419951,Bugahyeon-dong,3887530,"Bugahyeon-dong , Seodaemun-gu , Seoul , Korea"
158,Seoul,2297418,Seodaemun-gu,2419951,Sinchon-dong,3887531,"Sinchon-dong , Seodaemun-gu , Seoul , Korea"
159,Seoul,2297418,Seodaemun-gu,2419951,Yeonhui-dong,3887532,"Yeonhui-dong , Seodaemun-gu , Seoul , Korea"
160,Seoul,2297418,Seodaemun-gu,2419951,Hongje 1(il)-dong,3887543,"Hongje 1(il)-dong , Seodaemun-gu , Seoul , Korea"
161,Seoul,2297418,Seodaemun-gu,2419951,Hongje 2(i)-dong,3887544,"Hongje 2(i)-dong , Seodaemun-gu , Seoul , Korea"
162,Seoul,2297418,Seodaemun-gu,2419951,Hongje 3(sam)-dong,3887545,"Hongje 3(sam)-dong , Seodaemun-gu , Seoul , Korea"
163,Seoul,2297418,Seodaemun-gu,2419951,Hongeun 1(il)-dong,3887541,"Hongeun 1(il)-dong , Seodaemun-gu , Seoul , Korea"
164,Seoul,2297418,Seodaemun-gu,2419951,Hongeun 2(i)-dong,3887542,"Hongeun 2(i)-dong , Seodaemun-gu , Seoul , Korea"
165,Seoul,2297418,Seodaemun-gu,2419951,Namgajwa 1(il)-dong,3887537,"Namgajwa 1(il)-dong , Seodaemun-gu , Seoul , Korea"
166,Seoul,2297418,Seodaemun-gu,2419951,Namgajwa 2(i)-dong,3887538,"Namgajwa 2(i)-dong , Seodaemun-gu , Seoul , Korea"
167,Seoul,2297418,Seodaemun-gu,2419951,Bukgajwa 1(il)-dong,3887539,"Bukgajwa 1(il)-dong , Seodaemun-gu , Seoul , Korea"
168,Seoul,2297418,Seodaemun-gu,2419951,Bukgajwa 2(i)-dong,3887540,"Bukgajwa 2(i)-dong , Seodaemun-gu , Seoul , Korea"
169,Seoul,2297418,Eunpyeong-gu,2419942,Galhyeon 1(il)-dong,3886371,"Galhyeon 1(il)-dong , Eunpyeong-gu , Seoul , Korea"
170,Seoul,2297418,Eunpyeong-gu,2419942,Galhyeon 2(i)-dong,3886372,"Galhyeon 2(i)-dong , Eunpyeong-gu , Seoul , Korea"
171,Seoul,2297418,Eunpyeong-gu,2419942,Gusan-dong,3886361,"Gusan-dong , Eunpyeong-gu , Seoul , Korea"
172,Seoul,2297418,Eunpyeong-gu,2419942,Nokbeon-dong,3886362,"Nokbeon-dong , Eunpyeong-gu , Seoul , Korea"
173,Seoul,2297418,Eunpyeong-gu,2419942,Daejo-dong,3886363,"Daejo-dong , Eunpyeong-gu , Seoul , Korea"
174,Seoul,2297418,Eunpyeong-gu,2419942,Bulgwang 1(il)-dong,3886373,"Bulgwang 1(il)-dong , Eunpyeong-gu , Seoul , Korea"
175,Seoul,2297418,Eunpyeong-gu,2419942,Bulgwang 2(i)-dong,3886374,"Bulgwang 2(i)-dong , Eunpyeong-gu , Seoul , Korea"
176,Seoul,2297418,Eunpyeong-gu,2419942,Susaek-dong,3886365,"Susaek-dong , Eunpyeong-gu , Seoul , Korea"
177,Seoul,2297418,Eunpyeong-gu,2419942,Sinsa 1(il)-dong,3886375,"Sinsa 1(il)-dong , Eunpyeong-gu , Seoul , Korea"
178,Seoul,2297418,Eunpyeong-gu,2419942,Sinsa 2(i)-dong,9626664,"Sinsa 2(i)-dong , Eunpyeong-gu , Seoul , Korea"
179,Seoul,2297418,Eunpyeong-gu,2419942,Yeokchon-dong,3886367,"Yeokchon-dong , Eunpyeong-gu , Seoul , Korea"
180,Seoul,2297418,Eunpyeong-gu,2419942,Eungam 1(il)-dong,3886377,"Eungam 1(il)-dong , Eunpyeong-gu , Seoul , Korea"
181,Seoul,2297418,Eunpyeong-gu,2419942,Eungam 2(i)-dong,3886378,"Eungam 2(i)-dong , Eunpyeong-gu , Seoul , Korea"
182,Seoul,2297418,Eunpyeong-gu,2419942,Eungam 3(sam)-dong,3886379,"Eungam 3(sam)-dong , Eunpyeong-gu , Seoul , Korea"
183,Seoul,2297418,Eunpyeong-gu,2419942,Jeungsan-dong,3886369,"Jeungsan-dong , Eunpyeong-gu , Seoul , Korea"
184,Seoul,2297418,Eunpyeong-gu,2419942,Jingwan-dong,3886370,"Jingwan-dong , Eunpyeong-gu , Seoul , Korea"
185,Seoul,2297418,Jongno-gu,2419946,Pyeongchang-dong,3883991,"Pyeongchang-dong , Jongno-gu , Seoul , Korea"
186,Seoul,2297418,Jongno-gu,2419946,Buam-dong,3883984,"Buam-dong , Jongno-gu , Seoul , Korea"
187,Seoul,2297418,Jongno-gu,2419946,Samcheong-dong,3888557,"Samcheong-dong , Jongno-gu , Seoul , Korea"
188,Seoul,2297418,Jongno-gu,2419946,Cheongunhyoja-dong,3883990,"Cheongunhyoja-dong , Jongno-gu , Seoul , Korea"
189,Seoul,2297418,Jongno-gu,2419946,Muak-dong,3883983,"Muak-dong , Jongno-gu , Seoul , Korea"
190,Seoul,2297418,Jongno-gu,2419946,Gyonam-dong,3883982,"Gyonam-dong , Jongno-gu , Seoul , Korea"
191,Seoul,2297418,Jongno-gu,2419946,Sajik-dong,3883985,"Sajik-dong , Jongno-gu , Seoul , Korea"
192,Seoul,2297418,Jongno-gu,2419946,Gahoe-dong,3883981,"Gahoe-dong , Jongno-gu , Seoul , Korea"
193,Seoul,2297418,Jongno-gu,2419946,Jongno 1·2·3·4(ilisamsa)-ga-dong,3883995,"Jongno 1·2·3·4(ilisamsa)-ga-dong , Jongno-gu , Seoul , Korea"
194,Seoul,2297418,Jongno-gu,2419946,Jongno 5·6(oryuk)-ga-dong,3883996,"Jongno 5·6(oryuk)-ga-dong , Jongno-gu , Seoul , Korea"
195,Seoul,2297418,Jongno-gu,2419946,Ihwa-dong,3883987,"Ihwa-dong , Jongno-gu , Seoul , Korea"
196,Seoul,2297418,Jongno-gu,2419946,Hyehwa-dong,8243591,"Hyehwa-dong , Jongno-gu , Seoul , Korea"
197,Seoul,2297418,Jongno-gu,2419946,Changsin 1(il)-dong,9623459,"Changsin 1(il)-dong , Jongno-gu , Seoul , Korea"
198,Seoul,2297418,Jongno-gu,2419946,Changsin 3(sam)-dong,3883998,"Changsin 3(sam)-dong , Jongno-gu , Seoul , Korea"
199,Seoul,2297418,Jongno-gu,2419946,Changsin 2(i)-dong,3883999,"Changsin 2(i)-dong , Jongno-gu , Seoul , Korea"
200,Seoul,2297418,Jongno-gu,2419946,Sungin 1(il)-dong,3883993,"Sungin 1(il)-dong , Jongno-gu , Seoul , Korea"
201,Seoul,2297418,Jongno-gu,2419946,Sungin 2(i)-dong,3883994,"Sungin 2(i)-dong , Jongno-gu , Seoul , Korea"
202,Seoul,2297418,Jung-gu,2419947,Sindang 5(o)-dong,3884103,"Sindang 5(o)-dong , Jung-gu , Seoul , Korea"
203,Seoul,2297418,Jung-gu,2419947,Yaksu-dong,3884094,"Yaksu-dong , Jung-gu , Seoul , Korea"
204,Seoul,2297418,Jung-gu,2419947,Sogong-dong,3884092,"Sogong-dong , Jung-gu , Seoul , Korea"
205,Seoul,2297418,Jung-gu,2419947,Sindang-dong,3884093,"Sindang-dong , Jung-gu , Seoul , Korea"
206,Seoul,2297418,Jung-gu,2419947,Pil-dong,3884099,"Pil-dong , Jung-gu , Seoul , Korea"
207,Seoul,2297418,Jung-gu,2419947,Myeong-dong,3884091,"Myeong-dong , Jung-gu , Seoul , Korea"
208,Seoul,2297418,Jung-gu,2419947,Jungnim-dong,3884097,"Jungnim-dong , Jung-gu , Seoul , Korea"
209,Seoul,2297418,Jung-gu,2419947,Jangchung-dong,3884096,"Jangchung-dong , Jung-gu , Seoul , Korea"
210,Seoul,2297418,Jung-gu,2419947,Hwanghak-dong,3884100,"Hwanghak-dong , Jung-gu , Seoul , Korea"
211,Seoul,2297418,Jung-gu,2419947,Hoehyeon-dong,3884101,"Hoehyeon-dong , Jung-gu , Seoul , Korea"
212,Seoul,2297418,Jung-gu,2419947,Gwanghui-dong,3884088,"Gwanghui-dong , Jung-gu , Seoul , Korea"
213,Seoul,2297418,Jung-gu,2419947,Euljiro-dong,3884095,"Euljiro-dong , Jung-gu , Seoul , Korea"
214,Seoul,2297418,Jung-gu,2419947,Donghwa-dong,3884090,"Donghwa-dong , Jung-gu , Seoul , Korea"
215,Seoul,2297418,Jung-gu,2419947,Dasan-dong,3884089,"Dasan-dong , Jung-gu , Seoul , Korea"
216,Seoul,2297418,Jung-gu,2419947,Cheonggu-dong,3884098,"Cheonggu-dong , Jung-gu , Seoul , Korea"
217,Seoul,2297418,Yongsan-gu,2419955,Yongmun-dong,3884157,"Yongmun-dong , Yongsan-gu , Seoul , Korea"
218,Seoul,2297418,Yongsan-gu,2419955,Wonhyoro 1(il)-dong,3884159,"Wonhyoro 1(il)-dong , Yongsan-gu , Seoul , Korea"
219,Seoul,2297418,Yongsan-gu,2419955,Seobinggo-dong,3884156,"Seobinggo-dong , Yongsan-gu , Seoul , Korea"
220,Seoul,2297418,Yongsan-gu,2419955,Namyeong-dong,3884154,"Namyeong-dong , Yongsan-gu , Seoul , Korea"
221,Seoul,2297418,Yongsan-gu,2419955,Itaewon-dong,3884161,"Itaewon-dong , Yongsan-gu , Seoul , Korea"
222,Seoul,2297418,Yongsan-gu,2419955,Ichon-dong,3884160,"Ichon-dong , Yongsan-gu , Seoul , Korea"
223,Seoul,2297418,Yongsan-gu,2419955,Hyochang-dong,3884166,"Hyochang-dong , Yongsan-gu , Seoul , Korea"
224,Seoul,2297418,Yongsan-gu,2419955,Huam-dong,3884167,"Huam-dong , Yongsan-gu , Seoul , Korea"
225,Seoul,2297418,Yongsan-gu,2419955,Hannam-dong,3884164,"Hannam-dong , Yongsan-gu , Seoul , Korea"
226,Seoul,2297418,Yongsan-gu,2419955,Hangangno-dong,3884163,"Hangangno-dong , Yongsan-gu , Seoul , Korea"
227,Seoul,2297418,Yongsan-gu,2419955,Cheongpa-dong,3884162,"Cheongpa-dong , Yongsan-gu , Seoul , Korea"
228,Seoul,2297418,Yongsan-gu,2419955,Bogwang-dong,3884155,"Bogwang-dong , Yongsan-gu , Seoul , Korea"
229,Seoul,2297418,Seongdong-gu,2419953,WangsimniDoseon-dong,3882081,"WangsimniDoseon-dong , Seongdong-gu , Seoul , Korea"
230,Seoul,2297418,Seongdong-gu,2419953,Wangsimni 2(i)-dong,3882080,"Wangsimni 2(i)-dong , Seongdong-gu , Seoul , Korea"
231,Seoul,2297418,Seongdong-gu,2419953,Majang-dong,3882064,"Majang-dong , Seongdong-gu , Seoul , Korea"
232,Seoul,2297418,Seongdong-gu,2419953,Sageun-dong,3882065,"Sageun-dong , Seongdong-gu , Seoul , Korea"
233,Seoul,2297418,Seongdong-gu,2419953,Haengdang 1(il)-dong,3882082,"Haengdang 1(il)-dong , Seongdong-gu , Seoul , Korea"
234,Seoul,2297418,Seongdong-gu,2419953,Haengdang 2(i)-dong,3882083,"Haengdang 2(i)-dong , Seongdong-gu , Seoul , Korea"
235,Seoul,2297418,Seongdong-gu,2419953,Eungbong-dong,3882071,"Eungbong-dong , Seongdong-gu , Seoul , Korea"
236,Seoul,2297418,Seongdong-gu,2419953,Geumho 1(il)-ga-dong,3882074,"Geumho 1(il)-ga-dong , Seongdong-gu , Seoul , Korea"
237,Seoul,2297418,Seongdong-gu,2419953,Geumho 2·3(i·sam)-ga-dong,3882075,"Geumho 2·3(i·sam)-ga-dong , Seongdong-gu , Seoul , Korea"
238,Seoul,2297418,Seongdong-gu,2419953,Geumho 4(sa)-ga-dong,3882076,"Geumho 4(sa)-ga-dong , Seongdong-gu , Seoul , Korea"
239,Seoul,2297418,Seongdong-gu,2419953,Oksu-dong,3882068,"Oksu-dong , Seongdong-gu , Seoul , Korea"
240,Seoul,2297418,Seongdong-gu,2419953,Seongsu 1(il)-ga 1(il)-dong,3882077,"Seongsu 1(il)-ga 1(il)-dong , Seongdong-gu , Seoul , Korea"
241,Seoul,2297418,Seongdong-gu,2419953,Seongsu 2(i)-ga 1(il)-dong,3882078,"Seongsu 2(i)-ga 1(il)-dong , Seongdong-gu , Seoul , Korea"
242,Seoul,2297418,Seongdong-gu,2419953,Seongsu 2(i)-ga 3(sam)-dong,3882079,"Seongsu 2(i)-ga 3(sam)-dong , Seongdong-gu , Seoul , Korea"
243,Seoul,2297418,Seongdong-gu,2419953,Seongsu 1(il)-ga 1(il)-dong,3882073,"Seongsu 1(il)-ga 1(il)-dong , Seongdong-gu , Seoul , Korea"
244,Seoul,2297418,Seongdong-gu,2419953,Songjeong-dong,3882067,"Songjeong-dong , Seongdong-gu , Seoul , Korea"
245,Seoul,2297418,Seongdong-gu,2419953,Yongdap-dong,3882070,"Yongdap-dong , Seongdong-gu , Seoul , Korea"
246,Seoul,2297418,Dongdaemun-gu,2419941,Imun 1(il)-dong,3882170,"Imun 1(il)-dong , Dongdaemun-gu , Seoul , Korea"
247,Seoul,2297418,Dongdaemun-gu,2419941,Imun 2(i)-dong,3882171,"Imun 2(i)-dong , Dongdaemun-gu , Seoul , Korea"
248,Seoul,2297418,Dongdaemun-gu,2419941,Hwigyeong 1(il)-dong,3882176,"Hwigyeong 1(il)-dong , Dongdaemun-gu , Seoul , Korea"
249,Seoul,2297418,Dongdaemun-gu,2419941,Hwigyeong 2(i)-dong,3882177,"Hwigyeong 2(i)-dong , Dongdaemun-gu , Seoul , Korea"
250,Seoul,2297418,Dongdaemun-gu,2419941,Hoegi-dong,3882166,"Hoegi-dong , Dongdaemun-gu , Seoul , Korea"
251,Seoul,2297418,Dongdaemun-gu,2419941,Cheongnyangni-dong,3882165,"Cheongnyangni-dong , Dongdaemun-gu , Seoul , Korea"
252,Seoul,2297418,Dongdaemun-gu,2419941,Jangan 1(il)-dong,3882172,"Jangan 1(il)-dong , Dongdaemun-gu , Seoul , Korea"
253,Seoul,2297418,Dongdaemun-gu,2419941,Jangan 2(i)-dong,3882173,"Jangan 2(i)-dong , Dongdaemun-gu , Seoul , Korea"
254,Seoul,2297418,Dongdaemun-gu,2419941,Dapsimni 1(il)-dong,3882168,"Dapsimni 1(il)-dong , Dongdaemun-gu , Seoul , Korea"
255,Seoul,2297418,Dongdaemun-gu,2419941,Dapsimni 2(i)-dong,3882169,"Dapsimni 2(i)-dong , Dongdaemun-gu , Seoul , Korea"
256,Seoul,2297418,Dongdaemun-gu,2419941,Jeonnong 1(il)-dong,3882174,"Jeonnong 1(il)-dong , Dongdaemun-gu , Seoul , Korea"
257,Seoul,2297418,Dongdaemun-gu,2419941,Jeonnong 2(i)-dong,3882175,"Jeonnong 2(i)-dong , Dongdaemun-gu , Seoul , Korea"
258,Seoul,2297418,Dongdaemun-gu,2419941,Jegi-dong,3882164,"Jegi-dong , Dongdaemun-gu , Seoul , Korea"
259,Seoul,2297418,Dongdaemun-gu,2419941,Yongsin-dong,3882160,"Yongsin-dong , Dongdaemun-gu , Seoul , Korea"
260,Seoul,2297418,Seongbuk-gu,2419952,Seongbuk-dong,3883193,"Seongbuk-dong , Seongbuk-gu , Seoul , Korea"
261,Seoul,2297418,Seongbuk-gu,2419952,Samseon-dong,3883191,"Samseon-dong , Seongbuk-gu , Seoul , Korea"
262,Seoul,2297418,Seongbuk-gu,2419952,Dongseon-dong,3883189,"Dongseon-dong , Seongbuk-gu , Seoul , Korea"
263,Seoul,2297418,Seongbuk-gu,2419952,Donam 1(il)-dong,3883201,"Donam 1(il)-dong , Seongbuk-gu , Seoul , Korea"
264,Seoul,2297418,Seongbuk-gu,2419952,Donam 2(i)-dong,3883202,"Donam 2(i)-dong , Seongbuk-gu , Seoul , Korea"
265,Seoul,2297418,Seongbuk-gu,2419952,Anam-dong,3883194,"Anam-dong , Seongbuk-gu , Seoul , Korea"
266,Seoul,2297418,Seongbuk-gu,2419952,Bomun-dong,3883190,"Bomun-dong , Seongbuk-gu , Seoul , Korea"
267,Seoul,2297418,Seongbuk-gu,2419952,Jeongneung 1(il)-dong,3883208,"Jeongneung 1(il)-dong , Seongbuk-gu , Seoul , Korea"
268,Seoul,2297418,Seongbuk-gu,2419952,Jeongneung 2(i)-dong,3883209,"Jeongneung 2(i)-dong , Seongbuk-gu , Seoul , Korea"
269,Seoul,2297418,Seongbuk-gu,2419952,Jeongneung 3(sam)-dong,3883210,"Jeongneung 3(sam)-dong , Seongbuk-gu , Seoul , Korea"
270,Seoul,2297418,Seongbuk-gu,2419952,Jeongneung 4(sa)-dong,3883211,"Jeongneung 4(sa)-dong , Seongbuk-gu , Seoul , Korea"
271,Seoul,2297418,Seongbuk-gu,2419952,Gireum 1(il)-dong,3883187,"Gireum 1(il)-dong , Seongbuk-gu , Seoul , Korea"
272,Seoul,2297418,Seongbuk-gu,2419952,Gireum 2(i)-dong,3883200,"Gireum 2(i)-dong , Seongbuk-gu , Seoul , Korea"
273,Seoul,2297418,Seongbuk-gu,2419952,Jongam-dong,3883198,"Jongam-dong , Seongbuk-gu , Seoul , Korea"
274,Seoul,2297418,Seongbuk-gu,2419952,Wolgok 1(il)-dong,3883203,"Wolgok 1(il)-dong , Seongbuk-gu , Seoul , Korea"
275,Seoul,2297418,Seongbuk-gu,2419952,Wolgok 2(i)-dong,3883204,"Wolgok 2(i)-dong , Seongbuk-gu , Seoul , Korea"
276,Seoul,2297418,Seongbuk-gu,2419952,Jangwi 1(il)-dong,3883205,"Jangwi 1(il)-dong , Seongbuk-gu , Seoul , Korea"
277,Seoul,2297418,Seongbuk-gu,2419952,Jangwi 2(i)-dong,3883206,"Jangwi 2(i)-dong , Seongbuk-gu , Seoul , Korea"
278,Seoul,2297418,Seongbuk-gu,2419952,Jangwi 3(sam)-dong,3883207,"Jangwi 3(sam)-dong , Seongbuk-gu , Seoul , Korea"
279,Seoul,2297418,Seongbuk-gu,2419952,Seokgwan-dong,3883192,"Seokgwan-dong , Seongbuk-gu , Seoul , Korea"
280,Seoul,2297418,Gangbuk-gu,2419943,Samyang-dong,3883112,"Samyang-dong , Gangbuk-gu , Seoul , Korea"
281,Seoul,2297418,Gangbuk-gu,2419943,Mia-dong,3883107,"Mia-dong , Gangbuk-gu , Seoul , Korea"
282,Seoul,2297418,Gangbuk-gu,2419943,Songjung-dong,3883113,"Songjung-dong , Gangbuk-gu , Seoul , Korea"
283,Seoul,2297418,Gangbuk-gu,2419943,Songcheon-dong,3883114,"Songcheon-dong , Gangbuk-gu , Seoul , Korea"
284,Seoul,2297418,Gangbuk-gu,2419943,Samgaksan-dong,3883111,"Samgaksan-dong , Gangbuk-gu , Seoul , Korea"
285,Seoul,2297418,Gangbuk-gu,2419943,Beon 1(il)-dong,3883108,"Beon 1(il)-dong , Gangbuk-gu , Seoul , Korea"
286,Seoul,2297418,Gangbuk-gu,2419943,Beon 2(i)-dong,3883109,"Beon 2(i)-dong , Gangbuk-gu , Seoul , Korea"
287,Seoul,2297418,Gangbuk-gu,2419943,Beon 3(sam)-dong,3883110,"Beon 3(sam)-dong , Gangbuk-gu , Seoul , Korea"
288,Seoul,2297418,Gangbuk-gu,2419943,Suyu 1(il)-dong,8874359,"Suyu 1(il)-dong , Gangbuk-gu , Seoul , Korea"
289,Seoul,2297418,Gangbuk-gu,2419943,Suyu 2(i)-dong,3883115,"Suyu 2(i)-dong , Gangbuk-gu , Seoul , Korea"
290,Seoul,2297418,Gangbuk-gu,2419943,Suyu 3(sam)-dong,3883116,"Suyu 3(sam)-dong , Gangbuk-gu , Seoul , Korea"
291,Seoul,2297418,Gangbuk-gu,2419943,Ui-dong,3883106,"Ui-dong , Gangbuk-gu , Seoul , Korea"
292,Seoul,2297418,Gangbuk-gu,2419943,Insu-dong,3883117,"Insu-dong , Gangbuk-gu , Seoul , Korea"
293,Seoul,2297418,Dobong-gu,2419940,Dobong 1(il)-dong,3883058,"Dobong 1(il)-dong , Dobong-gu , Seoul , Korea"
294,Seoul,2297418,Dobong-gu,2419940,Dobong 2(i)-dong,3883059,"Dobong 2(i)-dong , Dobong-gu , Seoul , Korea"
295,Seoul,2297418,Dobong-gu,2419940,Banghak 1(il)-dong,3883060,"Banghak 1(il)-dong , Dobong-gu , Seoul , Korea"
296,Seoul,2297418,Dobong-gu,2419940,Banghak 2(i)-dong,3883061,"Banghak 2(i)-dong , Dobong-gu , Seoul , Korea"
297,Seoul,2297418,Dobong-gu,2419940,Banghak 3(sam)-dong,3883062,"Banghak 3(sam)-dong , Dobong-gu , Seoul , Korea"
298,Seoul,2297418,Dobong-gu,2419940,Ssangmun 1(il)-dong,3883063,"Ssangmun 1(il)-dong , Dobong-gu , Seoul , Korea"
299,Seoul,2297418,Dobong-gu,2419940,Ssangmun 2(i)-dong,3883064,"Ssangmun 2(i)-dong , Dobong-gu , Seoul , Korea"
300,Seoul,2297418,Dobong-gu,2419940,Ssangmun 3(sam)-dong,3883065,"Ssangmun 3(sam)-dong , Dobong-gu , Seoul , Korea"
301,Seoul,2297418,Dobong-gu,2419940,Ssangmun 4(sa)-dong,3883066,"Ssangmun 4(sa)-dong , Dobong-gu , Seoul , Korea"
302,Seoul,2297418,Dobong-gu,2419940,Chang 1(il)-dong,3883067,"Chang 1(il)-dong , Dobong-gu , Seoul , Korea"
303,Seoul,2297418,Dobong-gu,2419940,Chang 2(i)-dong,3883068,"Chang 2(i)-dong , Dobong-gu , Seoul , Korea"
304,Seoul,2297418,Dobong-gu,2419940,Chang 3(sam)-dong,3883069,"Chang 3(sam)-dong , Dobong-gu , Seoul , Korea"
305,Seoul,2297418,Dobong-gu,2419940,Chang 4(sa)-dong,3883070,"Chang 4(sa)-dong , Dobong-gu , Seoul , Korea"
306,Seoul,2297418,Dobong-gu,2419940,Chang 5(o)-dong,3883071,"Chang 5(o)-dong , Dobong-gu , Seoul , Korea"
307,Seoul,2297418,Nowon-gu,2419950,Wolgye 1(il)-dong,3882987,"Wolgye 1(il)-dong , Nowon-gu , Seoul , Korea"
308,Seoul,2297418,Nowon-gu,2419950,Wolgye 2(i)-dong,3882988,"Wolgye 2(i)-dong , Nowon-gu , Seoul , Korea"
309,Seoul,2297418,Nowon-gu,2419950,Wolgye 3(sam)-dong,3882989,"Wolgye 3(sam)-dong , Nowon-gu , Seoul , Korea"
310,Seoul,2297418,Nowon-gu,2419950,Gongneung 1(il)-dong,3882977,"Gongneung 1(il)-dong , Nowon-gu , Seoul , Korea"
311,Seoul,2297418,Nowon-gu,2419950,Gongneung 2(i)-dong,3882978,"Gongneung 2(i)-dong , Nowon-gu , Seoul , Korea"
312,Seoul,2297418,Nowon-gu,2419950,Hagye 1(il)-dong,3882994,"Hagye 1(il)-dong , Nowon-gu , Seoul , Korea"
313,Seoul,2297418,Nowon-gu,2419950,Hagye 2(i)-dong,3882995,"Hagye 2(i)-dong , Nowon-gu , Seoul , Korea"
314,Seoul,2297418,Nowon-gu,2419950,Junggyebon-dong,3882993,"Junggyebon-dong , Nowon-gu , Seoul , Korea"
315,Seoul,2297418,Nowon-gu,2419950,Junggye 1(il)-dong,3882990,"Junggye 1(il)-dong , Nowon-gu , Seoul , Korea"
316,Seoul,2297418,Nowon-gu,2419950,Junggye 2·3(i·sam)-dong,3882991,"Junggye 2·3(i·sam)-dong , Nowon-gu , Seoul , Korea"
317,Seoul,2297418,Nowon-gu,2419950,Junggye 4(sa)-dong,3882992,"Junggye 4(sa)-dong , Nowon-gu , Seoul , Korea"
318,Seoul,2297418,Nowon-gu,2419950,Sanggye 1(il)-dong,3882980,"Sanggye 1(il)-dong , Nowon-gu , Seoul , Korea"
319,Seoul,2297418,Nowon-gu,2419950,Sanggye 2(i)-dong,3882982,"Sanggye 2(i)-dong , Nowon-gu , Seoul , Korea"
320,Seoul,2297418,Nowon-gu,2419950,Sanggye 3·4(sam·sa)-dong,9626656,"Sanggye 3·4(sam·sa)-dong , Nowon-gu , Seoul , Korea"
321,Seoul,2297418,Nowon-gu,2419950,Sanggye 5(o)-dong,3882983,"Sanggye 5(o)-dong , Nowon-gu , Seoul , Korea"
322,Seoul,2297418,Nowon-gu,2419950,Sanggye 6·7(yuk·chil)-dong,3882984,"Sanggye 6·7(yuk·chil)-dong , Nowon-gu , Seoul , Korea"
323,Seoul,2297418,Nowon-gu,2419950,Sanggye 8(pal)-dong,3882985,"Sanggye 8(pal)-dong , Nowon-gu , Seoul , Korea"
324,Seoul,2297418,Nowon-gu,2419950,Sanggye 9(gu)-dong,3882986,"Sanggye 9(gu)-dong , Nowon-gu , Seoul , Korea"
325,Seoul,2297418,Nowon-gu,2419950,Sanggye 10(sip)-dong,3882979,"Sanggye 10(sip)-dong , Nowon-gu , Seoul , Korea"
326,Seoul,2297418,Jungnang-gu,2419948,Myeonmokbon-dong,3882929,"Myeonmokbon-dong , Jungnang-gu , Seoul , Korea"
327,Seoul,2297418,Jungnang-gu,2419948,Myeonmok 2(i)-dong,3882930,"Myeonmok 2(i)-dong , Jungnang-gu , Seoul , Korea"
328,Seoul,2297418,Jungnang-gu,2419948,Myeonmok 3·8(sam·pal)-dong,3882931,"Myeonmok 3·8(sam·pal)-dong , Jungnang-gu , Seoul , Korea"
329,Seoul,2297418,Jungnang-gu,2419948,Myeonmok 4(sa)-dong,3882932,"Myeonmok 4(sa)-dong , Jungnang-gu , Seoul , Korea"
330,Seoul,2297418,Jungnang-gu,2419948,Myeonmok 5(o)-dong,3882933,"Myeonmok 5(o)-dong , Jungnang-gu , Seoul , Korea"
331,Seoul,2297418,Jungnang-gu,2419948,Myeonmok 7(chil)-dong,3882934,"Myeonmok 7(chil)-dong , Jungnang-gu , Seoul , Korea"
332,Seoul,2297418,Jungnang-gu,2419948,Sangbong 1(il)-dong,9626632,"Sangbong 1(il)-dong , Jungnang-gu , Seoul , Korea"
333,Seoul,2297418,Jungnang-gu,2419948,Sangbong 2(i)-dong,3882938,"Sangbong 2(i)-dong , Jungnang-gu , Seoul , Korea"
334,Seoul,2297418,Jungnang-gu,2419948,Junghwa 1(il)-dong,3882941,"Junghwa 1(il)-dong , Jungnang-gu , Seoul , Korea"
335,Seoul,2297418,Jungnang-gu,2419948,Junghwa 2(i)-dong,3882942,"Junghwa 2(i)-dong , Jungnang-gu , Seoul , Korea"
336,Seoul,2297418,Jungnang-gu,2419948,Muk 1(il)-dong,3882935,"Muk 1(il)-dong , Jungnang-gu , Seoul , Korea"
337,Seoul,2297418,Jungnang-gu,2419948,Muk 2(i)-dong,3882936,"Muk 2(i)-dong , Jungnang-gu , Seoul , Korea"
338,Seoul,2297418,Jungnang-gu,2419948,Mangubon-dong,3882927,"Mangubon-dong , Jungnang-gu , Seoul , Korea"
339,Seoul,2297418,Jungnang-gu,2419948,Mangu 3(sam)-dong,3882928,"Mangu 3(sam)-dong , Jungnang-gu , Seoul , Korea"
340,Seoul,2297418,Jungnang-gu,2419948,Sinnae 1(il)-dong,3882939,"Sinnae 1(il)-dong , Jungnang-gu , Seoul , Korea"
341,Seoul,2297418,Jungnang-gu,2419948,Sinnae 2(i)-dong,3882940,"Sinnae 2(i)-dong , Jungnang-gu , Seoul , Korea"
342,Seoul,2297418,Gwangjin-gu,2419945,Junggok 1(il)-dong,3881573,"Junggok 1(il)-dong , Gwangjin-gu , Seoul , Korea"
343,Seoul,2297418,Gwangjin-gu,2419945,Junggok 2(i)-dong,3881574,"Junggok 2(i)-dong , Gwangjin-gu , Seoul , Korea"
344,Seoul,2297418,Gwangjin-gu,2419945,Junggok 3(sam)-dong,3881575,"Junggok 3(sam)-dong , Gwangjin-gu , Seoul , Korea"
345,Seoul,2297418,Gwangjin-gu,2419945,Junggok 4(sa)-dong,3881576,"Junggok 4(sa)-dong , Gwangjin-gu , Seoul , Korea"
346,Seoul,2297418,Gwangjin-gu,2419945,Jayang 1(il)-dong,3881569,"Jayang 1(il)-dong , Gwangjin-gu , Seoul , Korea"
347,Seoul,2297418,Gwangjin-gu,2419945,Jayang 2(i)-dong,3881570,"Jayang 2(i)-dong , Gwangjin-gu , Seoul , Korea"
348,Seoul,2297418,Gwangjin-gu,2419945,Jayang 3(sam)-dong,3881571,"Jayang 3(sam)-dong , Gwangjin-gu , Seoul , Korea"
349,Seoul,2297418,Gwangjin-gu,2419945,Jayang 4(sa)-dong,3881572,"Jayang 4(sa)-dong , Gwangjin-gu , Seoul , Korea"
350,Seoul,2297418,Gwangjin-gu,2419945,Hwayang-dong,3881565,"Hwayang-dong , Gwangjin-gu , Seoul , Korea"
351,Seoul,2297418,Gwangjin-gu,2419945,Guui 1(il)-dong,3881566,"Guui 1(il)-dong , Gwangjin-gu , Seoul , Korea"
352,Seoul,2297418,Gwangjin-gu,2419945,Guui 2(i)-dong,3881567,"Guui 2(i)-dong , Gwangjin-gu , Seoul , Korea"
353,Seoul,2297418,Gwangjin-gu,2419945,Guui 3(sam)-dong,3881568,"Guui 3(sam)-dong , Gwangjin-gu , Seoul , Korea"
354,Seoul,2297418,Gwangjin-gu,2419945,Gwangjang-dong,3881559,"Gwangjang-dong , Gwangjin-gu , Seoul , Korea"
355,Seoul,2297418,Gwangjin-gu,2419945,Gunja-dong,3881561,"Gunja-dong , Gwangjin-gu , Seoul , Korea"
356,Seoul,2297418,Gwangjin-gu,2419945,Neung-dong,3881562,"Neung-dong , Gwangjin-gu , Seoul , Korea"
357,Seoul,2297418,Gangdong-gu,2419944,Cheonho 3(sam)-dong,13735190,"Cheonho 3(sam)-dong , Gangdong-gu , Seoul , Korea"
358,Seoul,2297418,Gangdong-gu,2419944,Cheonho 2(i)-dong,13735191,"Cheonho 2(i)-dong , Gangdong-gu , Seoul , Korea"
359,Seoul,2297418,Gangdong-gu,2419944,Cheonho 1(il)-dong,13735192,"Cheonho 1(il)-dong , Gangdong-gu , Seoul , Korea"
360,Seoul,2297418,Gangdong-gu,2419944,Amsa 3(sam)-dong,13735193,"Amsa 3(sam)-dong , Gangdong-gu , Seoul , Korea"
361,Seoul,2297418,Gangdong-gu,2419944,Amsa 2(i)-dong,13735194,"Amsa 2(i)-dong , Gangdong-gu , Seoul , Korea"
362,Seoul,2297418,Gangdong-gu,2419944,Amsa 1(il)-dong,13735195,"Amsa 1(il)-dong , Gangdong-gu , Seoul , Korea"
363,Seoul,2297418,Gangdong-gu,2419944,Seongnae 3(sam)-dong,13735187,"Seongnae 3(sam)-dong , Gangdong-gu , Seoul , Korea"
364,Seoul,2297418,Gangdong-gu,2419944,Seongnae 2(i)-dong,13735188,"Seongnae 2(i)-dong , Gangdong-gu , Seoul , Korea"
365,Seoul,2297418,Gangdong-gu,2419944,Seongnae 1(il)-dong,13735189,"Seongnae 1(il)-dong , Gangdong-gu , Seoul , Korea"
366,Seoul,2297418,Gangdong-gu,2419944,Sangil 2(i)-dong,13735201,"Sangil 2(i)-dong , Gangdong-gu , Seoul , Korea"
367,Seoul,2297418,Gangdong-gu,2419944,Sangil 1(il)-dong,13735202,"Sangil 1(il)-dong , Gangdong-gu , Seoul , Korea"
368,Seoul,2297418,Gangdong-gu,2419944,Myeongil 2(i)-dong,13735197,"Myeongil 2(i)-dong , Gangdong-gu , Seoul , Korea"
369,Seoul,2297418,Gangdong-gu,2419944,Myeongil 1(il)-dong,13735198,"Myeongil 1(il)-dong , Gangdong-gu , Seoul , Korea"
370,Seoul,2297418,Gangdong-gu,2419944,Dunchon 2(i)-dong,13735185,"Dunchon 2(i)-dong , Gangdong-gu , Seoul , Korea"
371,Seoul,2297418,Gangdong-gu,2419944,Dunchon 1(il)-dong,13735186,"Dunchon 1(il)-dong , Gangdong-gu , Seoul , Korea"
372,Seoul,2297418,Gangdong-gu,2419944,Gil-dong,13735196,"Gil-dong , Gangdong-gu , Seoul , Korea"
373,Seoul,2297418,Gangdong-gu,2419944,Godeok 2(i)-dong,13735199,"Godeok 2(i)-dong , Gangdong-gu , Seoul , Korea"
374,Seoul,2297418,Gangdong-gu,2419944,Godeok 1(il)-dong,13735200,"Godeok 1(il)-dong , Gangdong-gu , Seoul , Korea"
375,Seoul,2297418,Gangdong-gu,2419944,Gangil-dong,8885026,"Gangil-dong , Gangdong-gu , Seoul , Korea"
376,Seoul,2297418,Songpa-gu,2419954,Pungnap 1(il)-dong,3880801,"Pungnap 1(il)-dong , Songpa-gu , Seoul , Korea"
377,Seoul,2297418,Songpa-gu,2419954,Geoyeo 1(il)-dong,3880785,"Geoyeo 1(il)-dong , Songpa-gu , Seoul , Korea"
378,Seoul,2297418,Songpa-gu,2419954,Geoyeo 2(i)-dong,3880786,"Geoyeo 2(i)-dong , Songpa-gu , Seoul , Korea"
379,Seoul,2297418,Songpa-gu,2419954,Macheon 1(il)-dong,3880787,"Macheon 1(il)-dong , Songpa-gu , Seoul , Korea"
380,Seoul,2297418,Songpa-gu,2419954,Macheon 2(i)-dong,3880788,"Macheon 2(i)-dong , Songpa-gu , Seoul , Korea"
381,Seoul,2297418,Songpa-gu,2419954,Bangi 1(il)-dong,3880791,"Bangi 1(il)-dong , Songpa-gu , Seoul , Korea"
382,Seoul,2297418,Songpa-gu,2419954,Bangi 2(i)-dong,3880792,"Bangi 2(i)-dong , Songpa-gu , Seoul , Korea"
383,Seoul,2297418,Songpa-gu,2419954,Oryun-dong,3880778,"Oryun-dong , Songpa-gu , Seoul , Korea"
384,Seoul,2297418,Songpa-gu,2419954,Ogeum-dong,3880777,"Ogeum-dong , Songpa-gu , Seoul , Korea"
385,Seoul,2297418,Songpa-gu,2419954,Songpa 1(il)-dong,3880793,"Songpa 1(il)-dong , Songpa-gu , Seoul , Korea"
386,Seoul,2297418,Songpa-gu,2419954,Songpa 2(i)-dong,3880794,"Songpa 2(i)-dong , Songpa-gu , Seoul , Korea"
387,Seoul,2297418,Songpa-gu,2419954,Seokchon-dong,3880775,"Seokchon-dong , Songpa-gu , Seoul , Korea"
388,Seoul,2297418,Songpa-gu,2419954,Samjeon-dong,3880774,"Samjeon-dong , Songpa-gu , Seoul , Korea"
389,Seoul,2297418,Songpa-gu,2419954,Garakbon-dong,3880784,"Garakbon-dong , Songpa-gu , Seoul , Korea"
390,Seoul,2297418,Songpa-gu,2419954,Garak 1(il)-dong,3880782,"Garak 1(il)-dong , Songpa-gu , Seoul , Korea"
391,Seoul,2297418,Songpa-gu,2419954,Garak 2(i)-dong,3880783,"Garak 2(i)-dong , Songpa-gu , Seoul , Korea"
392,Seoul,2297418,Songpa-gu,2419954,Munjeong 1(il)-dong,3880789,"Munjeong 1(il)-dong , Songpa-gu , Seoul , Korea"
393,Seoul,2297418,Songpa-gu,2419954,Munjeong 2(i)-dong,3880790,"Munjeong 2(i)-dong , Songpa-gu , Seoul , Korea"
394,Seoul,2297418,Songpa-gu,2419954,Jamsilbon-dong,3880800,"Jamsilbon-dong , Songpa-gu , Seoul , Korea"
395,Seoul,2297418,Songpa-gu,2419954,Jamsil 2(i)-dong,3880795,"Jamsil 2(i)-dong , Songpa-gu , Seoul , Korea"
396,Seoul,2297418,Songpa-gu,2419954,Jamsil 3(sam)-dong,3880796,"Jamsil 3(sam)-dong , Songpa-gu , Seoul , Korea"
397,Seoul,2297418,Songpa-gu,2419954,Jamsil 4(sa)-dong,3880797,"Jamsil 4(sa)-dong , Songpa-gu , Seoul , Korea"
398,Seoul,2297418,Songpa-gu,2419954,Jamsil 6(yuk)-dong,3880798,"Jamsil 6(yuk)-dong , Songpa-gu , Seoul , Korea"
399,Seoul,2297418,Songpa-gu,2419954,Jamsil 7(chil)-dong,3880799,"Jamsil 7(chil)-dong , Songpa-gu , Seoul , Korea"
400,Seoul,2297418,Songpa-gu,2419954,Jangji-dong,3880780,"Jangji-dong , Songpa-gu , Seoul , Korea"
401,Seoul,2297418,Songpa-gu,2419954,Wirye-dong,11117000,"Wirye-dong , Songpa-gu , Seoul , Korea"
402,Seoul,2297418,Songpa-gu,2419954,Garak-dong,3880769,"Garak-dong , Songpa-gu , Seoul , Korea"
403,Seoul,2297418,Songpa-gu,2419954,Geoyeo-dong,3880770,"Geoyeo-dong , Songpa-gu , Seoul , Korea"
404,Seoul,2297418,Songpa-gu,2419954,Macheon-dong,3880771,"Macheon-dong , Songpa-gu , Seoul , Korea"
405,Seoul,2297418,Songpa-gu,2419954,Munjeong-dong,3880772,"Munjeong-dong , Songpa-gu , Seoul , Korea"
406,Seoul,2297418,Songpa-gu,2419954,Bangi-dong,3880773,"Bangi-dong , Songpa-gu , Seoul , Korea"
407,Seoul,2297418,Songpa-gu,2419954,Songpa-dong,3880776,"Songpa-dong , Songpa-gu , Seoul , Korea"
408,Seoul,2297418,Songpa-gu,2419954,Jamsil-dong,3880779,"Jamsil-dong , Songpa-gu , Seoul , Korea"
409,Seoul,2297418,Songpa-gu,2419954,Pungnap-dong,3880781,"Pungnap-dong , Songpa-gu , Seoul , Korea"
